<project>
	<name>Far Cry 2</name>
	<dependencies>
		<dependency>Shared</dependency>
	</dependencies>
	<list_location>Far Cry 2</list_location>
	<install_locations>
		<install_location>
			<action type="registry" key="HKEY_LOCAL_MACHINE\SOFTWARE\Ubisoft\Far Cry 2" value="InstallDir" />
			<action type="combine">Data_Win32</action>
		</install_location>
		<install_location>
			<action type="registry" key="HKEY_LOCAL_MACHINE\SOFTWARE\WoW6432Node\Ubisoft\Far Cry 2" value="InstallDir" />
			<action type="combine">Data_Win32</action>
		</install_location>
		<install_location>
			<action type="registry" key="HKEY_LOCAL_MACHINE\SOFTWARE\Wow6432Node\Valve\Steam" value="InstallPath" />
			<action type="combine">steamapps</action>
			<action type="combine">common</action>
			<action type="combine">far cry 2</action>
			<action type="combine">Data_Win32</action>
		</install_location>
		<install_location>
			<action type="registry" key="HKEY_LOCAL_MACHINE\SOFTWARE\Microsoft\Windows\CurrentVersion\Uninstall\Steam App 19900" value="InstallLocation" />
			<action type="combine">Data_Win32</action>
		</install_location>
		<install_location>
			<action type="registry" key="HKEY_LOCAL_MACHINE\SOFTWARE\Wow6432Node\Microsoft\Windows\CurrentVersion\Uninstall\Steam App 19900" value="InstallLocation" />
			<action type="combine">Data_Win32</action>
		</install_location>
		<install_location>
			<action type="registry" key="HKEY_LOCAL_MACHINE\SOFTWARE\Valve\Steam" value="InstallPath" />
			<action type="combine">steamapps</action>
			<action type="combine">common</action>
			<action type="combine">far cry 2</action>
			<action type="combine">Data_Win32</action>
		</install_location>
		<install_location>
			<action type="registry" key="HKEY_LOCAL_MACHINE\SOFTWARE\Wow6432Node\Valve\Steam" value="InstallPath" />
			<action type="combine">steamapps</action>
			<action type="combine">common</action>
			<action type="combine">far cry 2</action>
			<action type="combine">Data_Win32</action>
		</install_location>
	</install_locations>
</project>